"date","client","revenue","salary_avg","country","payment"
"2020-10-01","meganjackson789",9696.03,2180.76,"United States","cash"
"2019-05-01","brianjohnson654",6904.08,851.27,"Spain","fiverr"
"2020-07-01","UBO",9129.78,2729.37,"United Arab Emirates","cash"
"2019-06-01","lifeaj130",10040.02,2215.72,"Brazil","cash"
"2020-04-01","danielrivera321",10093.26,3701.12,"Australia","fiverr"
"2019-07-01","danielrivera321",7047.39,2292.93,"Spain","cash"
"2019-10-01","chrisdavis890",6527.54,1903.92,"United States","fiverr"
"2020-05-01","UDLA",8035.41,4228.69,"Germany","cash"
"2020-09-01","jessicawong987",10497.8,1968.83,"Brazil","cash"
"2020-02-01","laurenrodriguez654",6376.01,1967.71,"Brazil","cash"
"2019-09-01","lifeaj130",6906.88,3203.84,"Brazil","cash"
"2019-11-01","jenniferbrown890",8554.59,747.39,"Brazil","fiverr"
"2020-07-01","rebeccakelly",7892.58,847.49,"Brazil","cash"
"2020-10-01","UDLA",8937.35,2365.95,"Brazil","cash"
"2019-05-01","UBO",9357.47,867.68,"Brazil","fiverr"
"2020-02-01","brandicasey39",9464.16,2955.95,"Chile","cash"
"2020-12-01","victoriajones321",4293.78,2603.54,"Brazil","cash"
"2019-03-01","mattmiller234",9829.48,2139.84,"United States","fiverr"
"2020-12-01","ericgarcia890",4842.9,3436.23,"Brazil","cash"
"2020-04-01","josephrivera789",8859.2,770.12,"Spain","cash"
"2020-05-01","hueydog1",8982.44,2853.88,"United States","paypal"
"2019-12-01","jessicawong987",6672.19,3468.03,"United States","cash"
"2019-09-01","jessicawong987",4905.37,2220.08,"Brazil","cash"
"2020-09-01","kaylamartinez987",7693.73,3498.59,"Brazil","fiverr"
"2020-02-01","rebeccakelly",10186.2,3527.12,"Brazil","paypal"
"2020-12-01","UDLA",9137.38,4519.63,"United States","cash"
"2019-12-01","brianjohnson654",6559.24,4687.94,"Brazil","fiverr"
"2019-04-01","andrewgarcia456",8264.15,2319.89,"Brazil","cash"
"2020-03-01","williamnguyen123",7423.74,3510.13,"Brazil","cash"
"2020-10-01","peterpark789",5659.02,1517.29,"Brazil","fiverr"
"2020-05-01","UBO",11045.9,1879.11,"United States","cash"
"2020-01-01","elizabethkim456",9568.1,2612.73,"Brazil","cash"
"2020-09-01","laurenrodriguez654",4615.73,3630.24,"United States","cash"
"2020-02-01","williamnguyen123",5408.48,4232,"Burkina Faso","cash"
"2019-04-01","stephaniechen123",8566.86,3032.84,"Chile","fiverr"
"2020-04-01","rebeccakelly",7983.49,3596.85,"Brazil","fiverr"
"2020-04-01","hueydog1",9316.55,2728.5,"Brazil","cash"
"2020-04-01","lifeaj130",9004.1,3069.05,"United States","paypal"
"2020-04-01","nataliechen567",5089.61,2717.54,"United States","cash"
"2019-09-01","UDLA",8810.16,2115.89,"Brazil","cash"
"2019-11-01","ashleytaylor321",4278.09,512.62,"United States","paypal"
"2019-08-01","jessicawong987",6760.35,2394.37,"Chile","cash"
"2020-10-01","brianjohnson654",7551.86,1872.69,"Brazil","fiverr"
"2019-05-01","danielrivera321",9401.81,1656.66,"United States","cash"
"2019-01-01","lifeaj130",5406.97,2792.87,"Spain","cash"
"2019-03-01","jatalijatali",12654,2544.97,"Brazil","cash"
"2020-12-01","johndoe123",8490.89,3522.72,"Brazil","paypal"
"2020-07-01","UDLA",6313.97,1283.75,"United States","cash"
"2020-03-01","rebeccakelly",8250.48,3143.64,"Brazil","paypal"
"2020-02-01","UBO",5334.52,3321.85,"Chile","cash"
"2020-11-01","williamnguyen123",9103.95,1663.99,"Brazil","paypal"
"2020-04-01","victoriajones321",9157.78,713.49,"Brazil","fiverr"
"2020-04-01","UDLA",8181.87,1273.76,"Brazil","fiverr"
"2019-09-01","UBO",8433.6,1691.07,"Germany","cash"
"2019-05-01","brandicasey39",11231.18,3227.88,"Brazil","cash"
"2020-09-01","jameslee987",5055.92,2423.9,"Brazil","cash"
"2019-10-01","thomasdavis234",12147.91,1528.17,"Brazil","fiverr"
"2020-01-01","stephaniechen123",4820.03,3083.98,"Germany","cash"
"2019-10-01","jatalijatali",10250.79,2380.39,"Brazil","cash"
"2019-01-01","UDLA",8823.85,3657.23,"Brazil","cash"
"2019-04-01","tt_gta",7761,2225.6,"United States","cash"
"2019-11-01","ashleytaylor321",7277.06,3440.15,"United States","cash"
"2019-10-01","brandicasey39",4509.14,3187.38,"Brazil","fiverr"
"2019-03-01","elizabethkim456",9333.79,2387.1,"United States","fiverr"
"2019-07-01","jatalijatali",8399.76,2644.06,"United States","fiverr"
"2019-02-01","jessicawong987",9728.86,1605.54,"United States","cash"
"2019-05-01","chrisdavis890",9619.42,2515.52,"Burkina Faso","cash"
"2019-06-01","advantagehayoor",6873.69,2126.72,"Brazil","cash"
"2020-08-01","ryanmiller654",9093.5,3363.07,"Brazil","cash"
"2019-11-01","ashleytaylor321",7613.34,2432.17,"Brazil","fiverr"
"2020-05-01","mattmiller234",6551.56,2921.42,"United States","fiverr"
"2020-03-01","thomasdavis234",3130.74,3300.04,"United States","cash"
"2019-04-01","rebeccakelly",7126.7,1358.19,"United States","cash"
"2020-06-01","samanthawilliams234",4980.03,3694.06,"Brazil","fiverr"
"2020-02-01","UDLA",8043.11,2990.08,"United States","cash"
"2020-07-01","UDLA",10338.77,2415.09,"United States","cash"
"2019-02-01","jameslee987",10228.24,2379.14,"United States","fiverr"
"2020-02-01","rebeccakelly",9943.53,2182.41,"United States","fiverr"
"2020-05-01","tt_gta",5813.51,1665.27,"Brazil","fiverr"
"2020-12-01","lifeaj130",7057.43,2978.45,"Brazil","fiverr"
"2019-11-01","laurasmith456",11098.4,4518.57,"Brazil","paypal"
"2020-08-01","UDLA",5897.67,2837.01,"United States","cash"
"2020-11-01","tt_gta",5289.2,2795.47,"Brazil","cash"
"2019-12-01","mattmiller234",7131.16,2412.97,"Brazil","cash"
"2019-12-01","UBO",7802.23,1477.13,"Brazil","fiverr"
"2019-10-01","UDLA",8121.85,1824.48,"United States","cash"
"2020-03-01","mattmiller234",7974.67,1756.32,"Brazil","cash"
"2020-09-01","mattmiller234",11042.49,2837.54,"Brazil","fiverr"
"2019-05-01","UBO",10643.88,3688.79,"Germany","cash"
"2019-11-01","UBO",11272.27,1821.84,"Brazil","cash"
"2019-03-01","robertmartin567",9510.2,2150.64,"United States","cash"
"2019-03-01","ashleytaylor321",7280.04,3277.76,"Brazil","cash"
"2020-09-01","advantagehayoor",8438.14,1842.38,"Brazil","fiverr"
"2019-01-01","peterpark789",9435.48,2589,"Brazil","cash"
"2019-12-01","UDLA",7812.19,1895.71,"Brazil","cash"
"2020-09-01","laurenrodriguez654",9406.23,1736.66,"Brazil","cash"
"2020-02-01","ryanmiller654",8529.32,2330.66,"United States","cash"
"2019-10-01","UBO",5065.94,1517.34,"Brazil","cash"
"2019-07-01","jameslee987",6048.47,2118.39,"Brazil","cash"
"2020-09-01","UDLA",10501.47,2017.92,"Brazil","cash"
"2019-03-01","lifeaj130",4647.28,3922.74,"Brazil","fiverr"
"2019-11-01","UDLA",8619.03,3469.6,"Brazil","paypal"
"2020-08-01","UBO",6342.91,778.27,"Brazil","cash"
"2019-03-01","thomasdavis234",7217.04,2626.24,"Brazil","cash"
"2019-05-01","jatalijatali",10749.38,3720.6,"United States","fiverr"
"2019-05-01","robertmartin567",11917.11,2073.53,"United States","fiverr"
"2019-01-01","hueydog1",5088.74,1136.93,"United States","cash"
"2019-07-01","robertmartin567",6285.36,2703.75,"United States","cash"
"2019-01-01","jatalijatali",8104.4,2612.05,"Brazil","cash"
"2020-06-01","madisonjackson123",7256.04,3223.67,"United States","cash"
"2019-01-01","UBO",6915.1,1952.34,"Brazil","fiverr"
"2019-05-01","elizabethkim456",9419.98,1416.33,"Brazil","cash"
"2020-12-01","lifeaj130",6870.46,3825.31,"Brazil","fiverr"
"2020-12-01","laurenrodriguez654",5904.16,4126.63,"Brazil","cash"
"2019-04-01","UDLA",7828.48,1691.29,"Brazil","cash"
"2019-05-01","UDLA",12732.39,3010.98,"Brazil","fiverr"
"2019-10-01","jameslee987",10150.95,1304.99,"United States","cash"
"2020-09-01","williamnguyen123",7824.08,3095.81,"Brazil","cash"
"2019-07-01","jatalijatali",6098.2,2907.57,"United States","cash"
"2020-04-01","UDLA",8650.95,1254.62,"Brazil","cash"
"2019-03-01","johndoe123",10500.47,3723.94,"Brazil","fiverr"
"2020-08-01","UBO",4901.39,2099.27,"Brazil","paypal"
"2020-11-01","laurasmith456",6835.79,1472.02,"United States","cash"
"2020-08-01","jessicawong987",3924.52,452.55,"United States","paypal"
"2019-07-01","jessicawong987",10645.37,3609.88,"Germany","cash"
"2019-05-01","Larry SDF",6759.32,3344.67,"Germany","paypal"
"2020-12-01","hueydog1",9303.24,1832.93,"Brazil","cash"
"2019-11-01","UBO",7002.73,3842.94,"Brazil","fiverr"
"2020-06-01","chrisdavis890",8428.12,2731.64,"United States","cash"
"2020-12-01","robertmartin567",10835.04,2528.65,"United States","fiverr"
"2020-12-01","UBO",6716.99,1972.45,"Brazil","cash"
"2020-09-01","samanthawilliams234",8920.85,3264.62,"Brazil","cash"
"2019-07-01","danielrivera321",11947.97,2359.97,"United States","cash"
"2020-03-01","lifeaj130",9039.53,3268.83,"United States","cash"
"2019-04-01","mattmiller234",9876.35,2235.07,"Brazil","fiverr"
"2019-06-01","stephaniechen123",6253.94,2510.5,"United States","fiverr"
"2020-08-01","robertmartin567",11429.61,1928.85,"Brazil","cash"
"2020-01-01","nataliechen567",11129.35,2268.6,"Brazil","fiverr"
"2019-02-01","UDLA",7731.52,1500.57,"Brazil","cash"
"2019-06-01","nataliechen567",8885.32,2295.57,"United States","fiverr"
"2019-10-01","UBO",4067.71,3780.14,"Brazil","cash"
"2019-05-01","peterpark789",5358.16,1928.81,"Brazil","fiverr"
"2019-02-01","jessicawong987",9097.75,3522.72,"United States","cash"
"2019-06-01","victoriajones321",10934.24,3720.75,"Brazil","cash"
"2020-03-01","josephrivera789",5828.26,3083.86,"Brazil","fiverr"
"2020-12-01","kaylamartinez987",11638.06,1180.67,"Germany","cash"
"2020-06-01","hueydog1",7547.24,2675.02,"Spain","cash"
"2020-12-01","UDLA",9432.42,3009.7,"United States","fiverr"
"2020-12-01","nataliechen567",10950.21,3615.54,"Brazil","fiverr"
"2019-12-01","UDLA",4312.34,1475.94,"Germany","cash"
"2019-03-01","lifeaj130",9092.51,2706.48,"Chile","cash"
"2020-08-01","williamnguyen123",10975.5,2042.6,"United States","cash"
"2020-09-01","chrisdavis890",11113.42,3275.08,"United States","cash"
"2019-05-01","brandicasey39",6744.37,2853.93,"Germany","cash"
"2020-12-01","brianjohnson654",7634.37,3134.07,"United States","cash"
"2020-03-01","mattmiller234",10468.55,1816.43,"United States","cash"
"2020-07-01","lifeaj130",8471.54,1307.5,"United States","cash"
"2019-10-01","UBO",10330.92,2434.12,"Brazil","cash"
"2020-12-01","UBO",9862.25,2483.27,"Brazil","cash"
"2020-08-01","UDLA",8152.22,3253.94,"United States","paypal"
"2020-03-01","jenniferbrown890",6663.92,616.37,"Brazil","paypal"
"2019-06-01","rebeccakelly",8558.68,2474.42,"Brazil","fiverr"
"2019-07-01","meganjackson789",7439.1,3252.43,"Brazil","fiverr"
"2019-07-01","johndoe123",5254.52,2188.73,"Brazil","cash"
"2019-09-01","ryanmiller654",6579.23,4181.38,"United States","cash"
"2019-09-01","jenniferbrown890",11466.25,3445.74,"Brazil","cash"
"2019-12-01","stephaniechen123",9846.52,1065.66,"Brazil","cash"
"2019-02-01","thomasdavis234",6973.9,2284.71,"United States","fiverr"
"2019-05-01","kaylamartinez987",9344.26,3171.64,"United States","paypal"
"2019-05-01","UBO",4760.94,2855.48,"United States","fiverr"
"2020-04-01","elizabethkim456",5113.87,1776.26,"Brazil","cash"
"2019-12-01","UDLA",8526.68,2854.31,"Brazil","cash"
"2020-09-01","samanthawilliams234",8953.56,3038.99,"United States","cash"
"2020-05-01","lifeaj130",9537.09,2273.27,"United States","paypal"
"2019-06-01","mattmiller234",6980.92,1524.75,"United States","paypal"
"2020-08-01","danielrivera321",8840.13,1433.24,"United States","cash"
"2020-07-01","stephaniechen123",8327.7,2553.19,"Brazil","cash"
"2019-08-01","UDLA",6155.04,2884.38,"Brazil","cash"
"2020-04-01","UDLA",8460.88,1426.98,"Chile","fiverr"
"2019-04-01","jessicawong987",4092.41,1625.93,"Chile","cash"
"2019-01-01","lifeaj130",8716.66,1299.23,"Brazil","cash"
"2020-05-01","UDLA",8328.26,3930.18,"Chile","fiverr"
"2020-08-01","UBO",8866.99,2655.34,"Brazil","paypal"
"2020-05-01","jatalijatali",10612.75,2218.34,"Brazil","fiverr"
"2020-04-01","ashleytaylor321",8379.9,3653.69,"United States","cash"
"2020-07-01","ericgarcia890",8650.67,2786.75,"United States","cash"
"2020-07-01","UDLA",8713.93,690.23,"Brazil","fiverr"
"2019-08-01","UBO",10031.41,3132.55,"Brazil","fiverr"
"2020-11-01","johndoe123",7191.94,2739.28,"Brazil","cash"
"2019-11-01","UDLA",9423.13,4272.11,"Spain","cash"
"2019-03-01","chrisdavis890",5533.46,1683.51,"Brazil","cash"
"2020-06-01","peterpark789",7003.65,3128.13,"United States","cash"
"2020-04-01","rebeccakelly",7123.25,3021.36,"United States","cash"
"2020-08-01","jatalijatali",10725.33,2130.77,"Brazil","cash"
"2019-09-01","UDLA",7032.23,4883.69,"Brazil","cash"
"2020-09-01","advantagehayoor",6154.97,3096.85,"Brazil","cash"
"2020-07-01","kaylamartinez987",7792.07,2997.44,"Brazil","cash"
"2019-03-01","chrisdavis890",8785.52,1028.45,"Brazil","cash"
"2020-10-01","nataliechen567",14081.43,1491.04,"United States","fiverr"
"2019-02-01","ericgarcia890",8162.95,1917.61,"Brazil","cash"
"2019-10-01","jenniferbrown890",10381.04,1646.12,"Brazil","cash"
"2019-02-01","robertmartin567",7072.78,2290.6,"Brazil","cash"
"2020-09-01","andrewgarcia456",7310.63,2775.56,"Brazil","cash"
"2019-05-01","peterpark789",7767.97,3307.03,"United States","cash"
"2020-08-01","kaylamartinez987",10247.35,2332.24,"Brazil","fiverr"
"2019-12-01","olivialopez567",5162.22,1861.8,"Brazil","cash"
"2020-11-01","rebeccakelly",14415.79,2479.58,"United States","cash"
"2019-05-01","UBO",3779.16,1727.37,"Brazil","fiverr"
"2019-07-01","elizabethkim456",11245.74,2709.74,"Spain","fiverr"
"2019-09-01","UDLA",9708.25,1766.16,"United States","cash"
"2020-03-01","mattmiller234",4908.25,2696.64,"Brazil","cash"
"2020-12-01","ryanmiller654",7280.58,2711.88,"Brazil","fiverr"
"2020-11-01","victoriajones321",6051.57,3392.25,"Brazil","cash"
"2020-08-01","UBO",7284,1080.96,"United States","fiverr"
"2020-12-01","thomasdavis234",9316.51,2914.74,"United States","cash"
"2020-06-01","UBO",7491.51,3008.4,"United States","cash"
"2019-04-01","advantagehayoor",4530.11,1283.36,"Brazil","cash"
"2020-04-01","UBO",7761.53,2950.65,"Brazil","fiverr"
"2020-01-01","jatalijatali",6901.43,2245.4,"Brazil","fiverr"
"2020-01-01","UBO",8894.83,4093.44,"Germany","cash"
"2019-12-01","ashleytaylor321",6833.92,2052.03,"Brazil","cash"
"2019-12-01","williamnguyen123",7885.01,3496.25,"Spain","cash"
"2019-03-01","jameslee987",7912.39,2107.11,"Brazil","cash"
"2019-07-01","jessicawong987",9572.45,3165.61,"Brazil","cash"
"2019-11-01","jenniferbrown890",10737.72,2839.85,"Chile","cash"
"2019-05-01","robertmartin567",7122.85,3236.54,"Brazil","paypal"
"2020-03-01","ashleytaylor321",6513.09,2987.42,"United States","fiverr"
"2020-04-01","brianjohnson654",8932.87,2275.85,"Brazil","cash"
"2020-09-01","jenniferbrown890",10330.15,2110.93,"United States","cash"
"2020-03-01","rebeccakelly",9618.87,1652.45,"Germany","cash"
"2020-09-01","ashleytaylor321",7833.73,4420.06,"Brazil","cash"
"2019-11-01","UDLA",7918.31,3470.6,"Spain","cash"
"2019-10-01","chrisdavis890",9838.55,4910.8,"Brazil","paypal"
"2019-01-01","jameslee987",7640.03,3997.07,"Brazil","cash"
"2019-10-01","UDLA",7420.42,3067.29,"United States","fiverr"
"2020-07-01","stephaniechen123",7804.56,2068.17,"Australia","cash"
"2020-12-01","ashleytaylor321",9858.12,2582.42,"United States","paypal"
"2019-05-01","lifeaj130",8233.54,1726.44,"Brazil","cash"
"2020-04-01","jameslee987",9182.8,3902.57,"Brazil","cash"
"2020-05-01","lifeaj130",10328.5,3047.06,"Brazil","fiverr"
"2020-07-01","lifeaj130",5018.97,3207.48,"United States","cash"
"2019-08-01","rebeccakelly",9641.6,2146.58,"Brazil","cash"
"2020-05-01","jenniferbrown890",9521.26,3365.14,"Brazil","paypal"
"2019-03-01","nataliechen567",7779.9,2044.29,"Brazil","cash"
"2019-09-01","olivialopez567",8307.44,3493.61,"United States","paypal"
"2020-07-01","jatalijatali",9266.17,2601.48,"United States","cash"
"2020-02-01","hueydog1",7219.82,3243.79,"United States","cash"
"2019-08-01","jatalijatali",6132.61,1770.33,"Australia","cash"
"2020-12-01","lifeaj130",12162.45,3469.87,"United States","cash"
"2019-05-01","UDLA",7586.19,2329.35,"United States","cash"
"2020-12-01","UBO",5684.45,4116.1,"United States","fiverr"
"2019-12-01","lifeaj130",7302.88,3651.75,"United States","cash"
"2019-08-01","hueydog1",7564.11,5066.59,"United States","cash"
"2019-09-01","danielrivera321",9141.38,2326.62,"Germany","fiverr"
"2019-08-01","UBO",7727.76,2515.79,"United States","cash"
"2020-12-01","UDLA",8194.98,2867.82,"Germany","paypal"
"2020-08-01","hueydog1",6461.67,2327.7,"United States","fiverr"
"2020-05-01","UBO",10129.42,2534.4,"Burkina Faso","cash"
"2019-03-01","jessicawong987",8220.39,2658.13,"United States","cash"
"2020-09-01","laurenrodriguez654",8697.15,2974.84,"Brazil","cash"
"2019-10-01","jessicawong987",6849.66,3148.99,"Brazil","cash"
"2020-04-01","kaylamartinez987",6005.9,3787.27,"United States","cash"
"2020-04-01","jenniferbrown890",6715.68,1078.87,"United States","paypal"
"2019-12-01","jatalijatali",3933.07,1452.38,"Brazil","cash"
"2019-05-01","rebeccakelly",9128.47,1074.66,"Brazil","cash"
"2020-12-01","olivialopez567",6142.3,2506.77,"Brazil","paypal"
"2019-05-01","stephaniechen123",9621.1,3062.65,"Brazil","paypal"
"2019-08-01","UBO",9003.3,2563.91,"United States","cash"
"2019-05-01","UBO",6886.87,2617.47,"United States","fiverr"
"2019-09-01","UBO",8096.57,2049.82,"Brazil","cash"
"2019-09-01","kaylamartinez987",3398.49,1735.08,"United States","cash"
"2019-01-01","josephrivera789",10699.19,3712.14,"Brazil","fiverr"
"2020-06-01","jessicawong987",7199.73,1867.27,"Germany","cash"
"2019-04-01","UDLA",6330.7,1040.4,"Brazil","cash"
"2020-06-01","lifeaj130",6588.25,2766.91,"Germany","fiverr"
"2019-06-01","UDLA",2577.57,2779.58,"United States","cash"
"2019-06-01","kaylamartinez987",10313.21,1470.78,"United States","fiverr"
"2020-09-01","jameslee987",10773.88,2857.67,"United States","cash"
"2020-05-01","UDLA",8857.66,2289.85,"Brazil","cash"
"2019-12-01","elizabethkim456",6851.05,2463.65,"Spain","cash"
"2019-01-01","madisonjackson123",8391.84,2878.52,"Brazil","cash"
"2020-05-01","meganjackson789",8419.97,2511.26,"Brazil","cash"
"2020-06-01","chrisdavis890",6749.31,2320.98,"Brazil","cash"
"2020-05-01","thomasdavis234",7121.81,2871.34,"United States","fiverr"
"2020-08-01","UBO",5720.41,2492.04,"Brazil","cash"
"2019-04-01","josephrivera789",6976.74,2298.15,"United States","fiverr"
"2019-10-01","lifeaj130",8008.09,2755.37,"United States","fiverr"
"2019-05-01","UBO",11361.6,1203.21,"United States","fiverr"
"2020-09-01","Larry SDF",8796.37,2365.24,"Brazil","cash"
"2019-02-01","UDLA",9654.94,2149.96,"Brazil","fiverr"
"2019-09-01","Larry SDF",9732.02,2625.67,"Brazil","paypal"
"2020-08-01","chrisdavis890",4859.4,2050.26,"Brazil","cash"
"2020-05-01","brandicasey39",5253.77,3650.61,"United States","cash"
"2020-10-01","williamnguyen123",5964.92,1854.32,"United States","fiverr"
"2019-07-01","josephrivera789",9939.86,2142.08,"Brazil","cash"
"2020-03-01","nataliechen567",7530.32,2504.24,"Brazil","fiverr"
"2020-07-01","UDLA",8427.79,1477.84,"Brazil","fiverr"
"2020-03-01","UBO",8757.1,1926.67,"United States","cash"
"2019-07-01","UDLA",7095.65,2880.42,"Brazil","fiverr"
"2019-10-01","victoriajones321",7301.97,2025.09,"Brazil","paypal"
"2020-08-01","ericgarcia890",11634.65,1881.23,"Brazil","cash"
"2020-09-01","ashleytaylor321",7820.63,3155.35,"Brazil","cash"
"2019-09-01","madisonjackson123",10095.12,2635.89,"United States","fiverr"
"2019-03-01","olivialopez567",9716.51,2276.4,"Brazil","cash"
"2020-08-01","stephaniechen123",10508.36,2378.95,"Brazil","paypal"
"2020-10-01","UBO",8318.95,2748.28,"Brazil","cash"
"2019-11-01","lifeaj130",5951.64,2521.71,"United States","cash"
"2020-09-01","lifeaj130",5038.38,2613.61,"Brazil","cash"
"2020-12-01","laurenrodriguez654",10303.3,2899.42,"Germany","cash"
"2019-12-01","samanthawilliams234",8905.93,2687.05,"Brazil","cash"
"2020-05-01","andrewgarcia456",9364.92,1645.09,"Brazil","paypal"
"2019-12-01","chrisdavis890",4648.06,3105.4,"United States","fiverr"
"2019-07-01","johndoe123",8349.46,382.74,"Brazil","fiverr"
"2019-10-01","kaylamartinez987",4908.34,3082.96,"Brazil","fiverr"
"2019-09-01","Larry SDF",8137.8,3486.49,"Brazil","cash"
"2019-11-01","madisonjackson123",11406.71,2339.49,"Brazil","cash"
"2019-11-01","UDLA",8999.96,2609.18,"Brazil","cash"
"2019-07-01","UBO",5210.21,4197.21,"Brazil","cash"
"2020-10-01","jatalijatali",7009.75,3626.03,"Brazil","cash"
"2019-01-01","williamnguyen123",8600.24,1990.89,"Brazil","paypal"
"2020-07-01","ericgarcia890",9208.81,3805.6,"United States","cash"
"2019-04-01","johndoe123",10286.27,3731.49,"United States","fiverr"
"2019-07-01","jatalijatali",4041.87,2571.2,"Brazil","cash"
"2020-04-01","kaylamartinez987",6709.43,1813.19,"United States","fiverr"
"2019-08-01","josephrivera789",8985.97,641.57,"Germany","cash"
"2020-08-01","jenniferbrown890",6321.29,3448.97,"Burkina Faso","cash"
"2020-11-01","lifeaj130",8591.32,3243.4,"Burkina Faso","cash"
"2020-08-01","ashleytaylor321",6369.46,2208.3,"Brazil","cash"
"2020-12-01","robertmartin567",9477.39,1049.89,"United States","cash"
"2019-06-01","olivialopez567",10401.53,3012.02,"Brazil","fiverr"
"2019-08-01","UBO",7149.03,2522.31,"Brazil","fiverr"
"2019-07-01","rebeccakelly",6422.25,2832.28,"United States","fiverr"
"2019-02-01","UDLA",10303.96,2848.94,"Brazil","cash"
"2020-03-01","tt_gta",6456.94,1930.5,"Brazil","cash"
"2020-12-01","UDLA",12719.22,1416.2,"United States","cash"
"2020-11-01","samanthawilliams234",8787.46,2874.56,"United States","paypal"
"2020-11-01","Larry SDF",7865.2,2804.58,"Chile","fiverr"
"2019-09-01","UDLA",7871.15,2474.45,"United States","cash"
"2020-10-01","brianjohnson654",10153.67,3472.61,"Brazil","cash"
"2020-12-01","laurasmith456",9056.68,2564.37,"Brazil","fiverr"
"2019-04-01","UDLA",8105.16,3977.52,"United States","paypal"
"2019-06-01","jatalijatali",7480.42,2909.59,"Brazil","paypal"
"2020-06-01","brandicasey39",7884.41,2140.18,"Brazil","fiverr"
"2019-01-01","laurenrodriguez654",7460.7,2508.17,"United States","paypal"
"2020-10-01","jessicawong987",9140.67,2136.42,"Germany","cash"
"2020-10-01","UDLA",9235.16,2625.83,"United States","cash"
"2020-12-01","UBO",10048.17,1462.75,"Brazil","cash"
"2019-11-01","tt_gta",5370.04,1071.05,"Brazil","cash"
"2020-01-01","UDLA",7512.14,2932.11,"United States","fiverr"
"2020-09-01","jatalijatali",8246.06,3599.78,"Brazil","cash"
"2019-04-01","nataliechen567",8275.64,4191.26,"Brazil","paypal"
"2020-03-01","andrewgarcia456",10053.26,2784.27,"Brazil","paypal"
"2019-06-01","UBO",9152.6,2375.71,"Brazil","fiverr"
"2020-12-01","lifeaj130",5957.43,3368.6,"United States","fiverr"
"2020-09-01","UBO",7687.01,3347.95,"Brazil","cash"
"2020-01-01","jatalijatali",7315.24,2834.31,"Brazil","cash"
"2019-02-01","jenniferbrown890",9496.41,1857.31,"Germany","paypal"
"2019-09-01","nataliechen567",9999.35,3729.08,"United States","paypal"
"2019-07-01","UBO",10092.73,826.9,"Brazil","fiverr"
"2019-06-01","samanthawilliams234",7726,2282.23,"Burkina Faso","fiverr"
"2020-01-01","brandicasey39",8117.67,2619.34,"United States","cash"
"2020-06-01","peterpark789",5527.26,2008.15,"Spain","cash"
"2020-07-01","advantagehayoor",7725.05,3108.19,"United States","fiverr"
"2020-02-01","thomasdavis234",7415.61,2561.11,"Chile","cash"
"2020-10-01","UBO",7462.46,2256.72,"Brazil","cash"
"2019-10-01","williamnguyen123",4949.03,2822.46,"Brazil","paypal"
"2019-04-01","jameslee987",8533.15,2867.07,"Brazil","cash"
"2020-04-01","kaylamartinez987",9283.37,2921.66,"Brazil","fiverr"
"2019-08-01","UDLA",7927.24,2848.81,"Brazil","cash"
"2020-09-01","samanthawilliams234",7566.21,387.85,"Brazil","cash"
"2019-07-01","meganjackson789",9537.89,1907.29,"United States","fiverr"
"2020-04-01","kaylamartinez987",8821.09,2218.48,"Brazil","fiverr"
"2019-08-01","stephaniechen123",8685.64,1888.99,"Brazil","fiverr"
"2020-05-01","jenniferbrown890",8216.23,3279.01,"Chile","cash"
"2019-11-01","robertmartin567",6099.87,2875.65,"Brazil","paypal"
"2019-01-01","jatalijatali",9693.34,3664,"United States","cash"
"2019-06-01","laurenrodriguez654",5333.65,3256.71,"Brazil","fiverr"
"2019-11-01","lifeaj130",9878.74,2401.68,"United States","paypal"
"2020-01-01","laurasmith456",8043.48,2308.72,"Brazil","cash"
"2020-04-01","UDLA",7408.87,2332.98,"Brazil","cash"
"2020-11-01","UDLA",8740.17,3019.63,"Brazil","fiverr"
"2019-08-01","jatalijatali",10296.56,3071.99,"Brazil","cash"
"2019-02-01","brandicasey39",9848.48,1764.03,"Brazil","cash"
"2019-10-01","ryanmiller654",1065.53,2779.35,"United States","cash"
"2020-05-01","UDLA",8388.42,4079.52,"Brazil","paypal"
"2020-03-01","ashleytaylor321",9756.28,3716.55,"Brazil","cash"
"2019-10-01","nataliechen567",8400.71,2361.98,"Brazil","cash"
"2020-06-01","johndoe123",7059.29,2508.16,"Brazil","paypal"
"2020-05-01","jatalijatali",8073.33,2678.79,"Brazil","cash"
"2020-12-01","jatalijatali",7007.48,2333.79,"United States","cash"
"2020-07-01","UDLA",5976.76,3014.43,"Brazil","cash"
"2019-08-01","lifeaj130",9880.01,3396.57,"Brazil","cash"
"2020-11-01","UBO",7268.02,2637.96,"United States","cash"
"2020-10-01","chrisdavis890",8293.93,1636.3,"Brazil","cash"
"2020-11-01","josephrivera789",13101.68,2821.41,"Brazil","cash"
"2019-03-01","rebeccakelly",10973.91,1478.08,"Brazil","fiverr"
"2020-11-01","johndoe123",11062.96,3528.52,"Brazil","fiverr"
"2019-01-01","jatalijatali",6179.81,2001.21,"United States","cash"
"2020-04-01","UDLA",9430.83,2376.61,"Brazil","cash"
"2019-08-01","robertmartin567",7712.44,2460.79,"Brazil","cash"
"2020-07-01","olivialopez567",5976.92,3298.16,"Brazil","fiverr"
"2020-12-01","meganjackson789",4802.94,1168.79,"United States","fiverr"
"2019-08-01","robertmartin567",6634.76,3372.47,"Brazil","cash"
"2020-04-01","johndoe123",8750.09,2008.86,"Brazil","fiverr"
"2019-02-01","kaylamartinez987",8551.92,3718.8,"Brazil","cash"
"2019-03-01","UDLA",9161.8,1633.04,"United States","cash"
"2020-02-01","stephaniechen123",7785.21,1925.45,"United States","cash"
"2019-10-01","laurasmith456",5351.83,1724.02,"United States","cash"
"2019-05-01","UDLA",8654.46,1654.29,"Brazil","paypal"
"2019-09-01","UDLA",7467.81,2851.32,"Brazil","cash"
"2019-04-01","UBO",6129.22,3990.54,"United States","cash"
"2020-10-01","kaylamartinez987",6223.48,2539.47,"United States","cash"
"2019-02-01","hueydog1",8063.16,3808.41,"Brazil","fiverr"
"2019-06-01","robertmartin567",8130.3,1348.75,"United States","fiverr"
"2019-10-01","robertmartin567",4814.43,1516.22,"Brazil","fiverr"
"2019-04-01","UDLA",8358.88,1443.66,"United States","paypal"
"2020-12-01","UDLA",6886.51,2252.15,"Brazil","fiverr"
"2019-06-01","elizabethkim456",10811.85,3373.2,"Brazil","cash"
"2019-02-01","jameslee987",9329.63,2926.15,"Brazil","cash"
"2019-06-01","williamnguyen123",7465.6,1877.92,"Brazil","paypal"
"2020-06-01","kaylamartinez987",12133.89,1041.98,"United States","cash"
"2020-02-01","victoriajones321",4511.39,4161.5,"United States","fiverr"
"2019-02-01","UDLA",10317.68,3419.57,"Germany","cash"
"2020-09-01","andrewgarcia456",9857.86,1966.41,"Brazil","paypal"
"2020-08-01","UDLA",9860.49,2846.78,"Brazil","fiverr"
"2019-05-01","mattmiller234",8462.08,1583.03,"United States","cash"
"2019-02-01","johndoe123",8396.35,765.76,"Brazil","fiverr"
"2019-09-01","UDLA",8047.05,3155.24,"Brazil","fiverr"
"2019-04-01","UBO",8533.17,1962.42,"Spain","cash"
"2019-12-01","UBO",9008.78,3745.85,"Brazil","fiverr"
"2020-07-01","UDLA",10189.64,1981.5,"Germany","cash"
"2020-07-01","peterpark789",8232.36,2238.06,"United States","cash"
"2020-01-01","nataliechen567",8663.37,2551.48,"Brazil","paypal"
"2020-06-01","johndoe123",9534.63,3250.38,"Brazil","paypal"
"2020-11-01","brandicasey39",5205.27,2355.68,"Brazil","fiverr"
"2020-06-01","ericgarcia890",5008.37,3182.36,"United States","paypal"
"2019-12-01","jatalijatali",3964.12,3302.71,"Brazil","cash"
"2020-09-01","ashleytaylor321",7948.15,1061.89,"Brazil","paypal"
"2020-10-01","Larry SDF",4566.04,553.89,"United States","cash"
"2020-02-01","stephaniechen123",3864.46,3487.8,"Brazil","cash"
"2020-09-01","chrisdavis890",10263.04,2487.84,"United States","cash"
"2020-03-01","UBO",10587.04,3903.1,"United States","cash"
"2019-08-01","chrisdavis890",7023.68,868.51,"Burkina Faso","cash"
"2019-01-01","nataliechen567",4149.08,1609.99,"Brazil","paypal"
"2020-02-01","rebeccakelly",6609.89,3465.29,"Brazil","paypal"
"2019-04-01","kaylamartinez987",9465.72,906.33,"Germany","fiverr"
"2019-12-01","UBO",8291.6,2742.15,"United States","paypal"
"2019-06-01","jatalijatali",8222.87,2065.15,"United States","cash"
"2020-03-01","lifeaj130",9140.03,4282.56,"Brazil","paypal"
"2020-12-01","tt_gta",5554.88,1848.48,"Chile","fiverr"
"2020-06-01","lifeaj130",7263.25,3180.4,"Brazil","cash"
"2020-08-01","UBO",9329.28,1826.9,"Brazil","fiverr"
"2020-10-01","ericgarcia890",7799.15,3143.77,"Brazil","cash"
"2019-04-01","danielrivera321",9354.48,3238.67,"Chile","fiverr"
"2019-07-01","UBO",12325.7,641.16,"United States","fiverr"
"2019-01-01","olivialopez567",7186.47,3718.84,"Brazil","cash"
"2019-06-01","meganjackson789",8787.99,2306.75,"Brazil","paypal"
"2019-02-01","UBO",6237.29,1077.63,"Brazil","cash"
"2020-10-01","danielrivera321",6958.11,3249.01,"United States","cash"
"2019-05-01","lifeaj130",7246.94,1250.94,"Brazil","cash"
"2020-08-01","UDLA",9602.9,3304.33,"Brazil","fiverr"
"2020-01-01","UBO",6620.3,3245.79,"United States","cash"
"2019-07-01","rebeccakelly",11890.42,3090.53,"Chile","fiverr"
"2020-08-01","rebeccakelly",5650.54,1705.75,"Brazil","fiverr"
"2020-04-01","chrisdavis890",7687.49,4264.69,"United States","cash"
"2020-11-01","ashleytaylor321",12345.78,2424.93,"Brazil","cash"
"2019-06-01","nataliechen567",6878.56,2360.04,"Chile","cash"
"2019-01-01","jatalijatali",3976.72,1969.69,"Brazil","fiverr"
"2019-02-01","chrisdavis890",5387.54,2052.53,"Brazil","paypal"
"2019-04-01","UBO",7498.17,2035.02,"Brazil","cash"
"2019-08-01","robertmartin567",6990.49,2368.64,"United States","cash"
"2019-12-01","Larry SDF",10114.66,794.71,"Brazil","cash"
"2019-01-01","hueydog1",6825.1,3140.05,"United States","cash"
"2020-02-01","madisonjackson123",7522.3,2263.23,"Brazil","paypal"
"2019-08-01","UDLA",9161.7,3352.94,"United States","cash"
"2019-10-01","UBO",6241.52,2230.69,"Brazil","fiverr"
"2020-11-01","UDLA",7520.95,3075.56,"United States","cash"
"2020-09-01","UDLA",6353.48,3447.62,"Brazil","cash"
"2020-01-01","UDLA",9939.18,2621.67,"Brazil","cash"
"2020-09-01","peterpark789",11540.57,2512.49,"United States","fiverr"
"2020-12-01","thomasdavis234",4508.71,1293.7,"Brazil","cash"
"2020-09-01","advantagehayoor",9024.54,3255.94,"Spain","cash"
"2020-12-01","Larry SDF",8813.31,3247.51,"Brazil","cash"
"2020-05-01","rebeccakelly",7756.85,2734.24,"Brazil","fiverr"
"2019-11-01","mattmiller234",9691.31,3212.8,"Brazil","fiverr"
"2020-05-01","danielrivera321",9409.2,2841.71,"Brazil","cash"
"2020-03-01","rebeccakelly",6582.84,3464.38,"United States","cash"
"2019-08-01","madisonjackson123",9620.11,2295.94,"Brazil","cash"
"2019-06-01","olivialopez567",8326.95,2126.25,"United States","cash"
"2020-10-01","UDLA",7872.4,2916.55,"Brazil","cash"
"2020-07-01","meganjackson789",11548.34,2026.29,"Germany","cash"
"2020-01-01","rebeccakelly",5866.67,2645.8,"Brazil","cash"
"2019-04-01","UBO",7158.08,1459.94,"Brazil","cash"
"2020-02-01","advantagehayoor",11492.19,2158.43,"United States","cash"
"2020-08-01","jatalijatali",11725.61,3227.63,"Brazil","cash"
"2020-02-01","peterpark789",5674.8,1861.33,"Brazil","fiverr"
"2020-09-01","meganjackson789",8044.18,2198.78,"Brazil","cash"
"2020-11-01","rebeccakelly",7788.66,2944.59,"Brazil","cash"
"2019-07-01","lifeaj130",8523.79,2955.89,"Brazil","paypal"
"2019-08-01","UDLA",5195.49,3881.07,"United States","fiverr"
"2019-12-01","UBO",8768.12,3193.61,"United States","cash"
"2020-12-01","lifeaj130",5266.42,2268.7,"United States","fiverr"
"2019-04-01","meganjackson789",9647.1,1918.43,"United States","fiverr"
"2020-04-01","UDLA",8837.96,584.41,"Brazil","fiverr"
"2019-10-01","elizabethkim456",5716.57,2414.21,"Spain","paypal"
"2020-04-01","andrewgarcia456",6367.4,2209.04,"Chile","cash"
"2020-10-01","jatalijatali",9534.12,3520.33,"Brazil","cash"
"2020-03-01","elizabethkim456",6129.05,820.41,"Brazil","cash"
"2019-07-01","advantagehayoor",6764.16,2384.31,"Chile","cash"
"2019-02-01","jatalijatali",9775.5,2359.73,"United States","cash"
"2020-08-01","andrewgarcia456",7362.35,2780.55,"United States","cash"
"2019-02-01","UDLA",9234.7,2342.81,"Brazil","fiverr"
"2020-10-01","danielrivera321",6405.6,2639.73,"Brazil","fiverr"
"2020-12-01","lifeaj130",3750.99,2181.43,"Burkina Faso","paypal"
"2020-05-01","olivialopez567",10254.17,2982.09,"United States","fiverr"
"2019-08-01","brandicasey39",9582.78,4646.66,"Brazil","fiverr"
"2019-06-01","olivialopez567",10025.36,3348.91,"Brazil","cash"
"2019-05-01","laurasmith456",8801.72,2356.42,"United States","fiverr"
"2019-06-01","jatalijatali",6328.03,820.69,"Brazil","cash"
"2019-02-01","UBO",9626.61,3238.05,"United States","cash"
"2019-02-01","olivialopez567",9452.13,4397.08,"United States","cash"
"2020-01-01","jatalijatali",8629.43,2736.46,"Brazil","fiverr"
"2019-11-01","andrewgarcia456",6323.63,2016.97,"Brazil","cash"
"2020-06-01","ryanmiller654",10256.36,1201.42,"United States","cash"
"2020-07-01","tt_gta",7406.74,1757.95,"United States","cash"
"2020-02-01","williamnguyen123",10900.66,3052.28,"Germany","cash"
"2019-11-01","UBO",10145.59,2450.5,"Germany","paypal"
"2019-08-01","josephrivera789",5938.72,3547.93,"Brazil","cash"
"2019-10-01","lifeaj130",7027.45,2574.82,"Brazil","cash"
"2019-11-01","johndoe123",9661.25,4348.87,"Brazil","fiverr"
"2019-08-01","rebeccakelly",6034.5,1526.83,"United States","paypal"
"2020-04-01","lifeaj130",8562.04,2160.24,"Brazil","fiverr"
"2020-05-01","mattmiller234",11207.35,836.52,"Germany","fiverr"
"2020-07-01","jatalijatali",10969.59,2521.27,"United States","cash"
"2020-10-01","laurenrodriguez654",6970.79,1852.74,"Brazil","cash"
"2020-08-01","andrewgarcia456",5248.98,818.66,"United States","cash"
"2019-11-01","josephrivera789",6996.71,2159.35,"United States","fiverr"
"2020-10-01","Larry SDF",7543.91,2804.69,"Germany","paypal"
"2019-07-01","nataliechen567",6877.29,3901.62,"United States","cash"
"2019-10-01","UBO",8969.73,2708.21,"United States","paypal"
"2019-11-01","advantagehayoor",10817.31,1632.31,"United States","cash"
"2020-05-01","jatalijatali",4774.8,4197.64,"United Arab Emirates","fiverr"
"2020-01-01","jenniferbrown890",9392.65,2227.98,"Brazil","cash"
"2019-03-01","josephrivera789",8800.72,2136.84,"Brazil","cash"
"2019-02-01","nataliechen567",6665.48,2965.58,"Germany","cash"
"2019-12-01","rebeccakelly",4547.9,3717.6,"Chile","cash"
"2019-11-01","meganjackson789",7691.5,2248.54,"Germany","cash"
"2020-02-01","UDLA",9865.64,1447.86,"Brazil","fiverr"
"2020-01-01","meganjackson789",7189.48,2580.86,"Brazil","fiverr"
"2020-12-01","chrisdavis890",10088.8,1910.03,"Brazil","cash"
"2020-06-01","mattmiller234",9073.13,2696.7,"Brazil","paypal"
"2020-04-01","jameslee987",8478.22,627.58,"Germany","cash"
"2019-07-01","UDLA",7652.69,2586.52,"Brazil","cash"
"2020-09-01","UBO",7539.14,1508.45,"United States","cash"
"2020-07-01","jatalijatali",7132.6,3104.09,"Brazil","cash"
"2019-06-01","kaylamartinez987",12265.55,1737.67,"Brazil","cash"
"2020-05-01","UDLA",8345.88,1380.55,"United States","fiverr"
"2020-11-01","andrewgarcia456",8882.36,2714.56,"United States","cash"
"2020-02-01","UBO",8824.45,3105.6,"Brazil","fiverr"
"2019-05-01","advantagehayoor",7829.69,3207.51,"Brazil","cash"
"2020-06-01","mattmiller234",6575.22,1230.83,"Brazil","fiverr"
"2020-01-01","UBO",9617.7,2713.21,"Brazil","fiverr"
"2020-06-01","brandicasey39",7021.64,2223.14,"United States","fiverr"
"2019-12-01","ryanmiller654",5894.8,2743.35,"Brazil","cash"
"2019-03-01","peterpark789",8832.95,2470.2,"United States","cash"
"2019-03-01","rebeccakelly",11003.03,2411.12,"Brazil","fiverr"
"2020-10-01","UBO",8366.31,929.17,"Brazil","fiverr"
"2019-10-01","UBO",8812.3,2624.03,"Spain","cash"
"2019-04-01","UBO",11341.39,4145.67,"United States","fiverr"
"2020-04-01","josephrivera789",8198.75,1267.35,"Germany","cash"
"2020-06-01","UDLA",9428.13,3474.99,"Brazil","cash"
"2020-09-01","jessicawong987",7922.6,1007.4,"Chile","cash"
"2019-01-01","josephrivera789",9481.55,1347.12,"United States","fiverr"
"2019-01-01","meganjackson789",7971.58,4042.18,"Brazil","cash"
"2020-06-01","johndoe123",9142.49,4214.76,"Brazil","cash"
"2020-04-01","laurasmith456",10449.94,2049.56,"United States","cash"
"2019-03-01","laurasmith456",5765.73,2830.16,"United States","cash"
"2019-11-01","UBO",9545.91,1997.26,"Germany","cash"
"2019-10-01","williamnguyen123",7946.16,2414.77,"Chile","fiverr"
"2020-03-01","jenniferbrown890",7380.37,1951.31,"Brazil","fiverr"
"2019-06-01","ryanmiller654",5581.77,1131.86,"Brazil","cash"
"2020-04-01","brandicasey39",9347.54,2464.91,"Brazil","cash"
"2020-02-01","madisonjackson123",9254.77,1597.58,"Brazil","fiverr"
"2019-02-01","brandicasey39",7429.81,2424.78,"Brazil","cash"
"2020-01-01","rebeccakelly",5837.17,2553.93,"Brazil","cash"
"2019-07-01","johndoe123",11991.33,2046.38,"Brazil","cash"
"2020-08-01","laurasmith456",10389.12,2601.4,"Australia","fiverr"
"2020-02-01","elizabethkim456",12089.73,2558.07,"United States","cash"
"2020-01-01","rebeccakelly",10293.81,3406.02,"Brazil","paypal"
"2020-05-01","tt_gta",11608.43,2450.1,"United States","cash"
"2019-05-01","chrisdavis890",12031.08,3650.99,"Brazil","cash"
"2020-10-01","danielrivera321",6855.96,2367.73,"Brazil","cash"
"2019-04-01","rebeccakelly",5740.37,3143.38,"Brazil","cash"
"2020-11-01","victoriajones321",5922.07,3422.75,"United States","paypal"
"2020-08-01","nataliechen567",6220.66,3480.12,"Brazil","cash"
"2019-09-01","jatalijatali",7229.31,2700.1,"United States","cash"
"2019-10-01","victoriajones321",10325.09,3827.85,"Australia","paypal"
"2019-03-01","madisonjackson123",9934.66,2856.15,"Spain","paypal"
"2020-05-01","UBO",6747.99,2233.33,"United States","cash"
"2019-04-01","robertmartin567",6021.51,3862.14,"United States","cash"
"2019-03-01","jenniferbrown890",8826.03,2992.78,"Brazil","fiverr"
"2019-10-01","elizabethkim456",7875.11,2348.7,"United States","cash"
"2020-01-01","UBO",7694.36,2282.49,"Brazil","cash"
"2020-08-01","lifeaj130",7915.46,3488.1,"Brazil","cash"
"2019-10-01","Larry SDF",7274.08,2455.4,"Brazil","fiverr"
"2019-08-01","advantagehayoor",11052.45,2350.93,"United States","fiverr"
"2019-12-01","UBO",8134.93,1984.89,"Brazil","fiverr"
"2019-05-01","brandicasey39",6151.59,1719.26,"Brazil","cash"
"2019-02-01","nataliechen567",7483.5,3157.94,"Brazil","cash"
"2020-01-01","UBO",8128.53,795.65,"United States","cash"
"2020-04-01","UDLA",12322.04,3030.89,"Brazil","cash"
"2020-10-01","samanthawilliams234",8281.66,1018.25,"Brazil","paypal"
"2020-09-01","meganjackson789",11982.33,1440.35,"Brazil","cash"
"2019-08-01","lifeaj130",6339.54,2300.93,"United States","fiverr"
"2020-06-01","jameslee987",11136.18,3728.32,"Brazil","fiverr"
"2019-12-01","andrewgarcia456",10673.87,3065.49,"Brazil","fiverr"
"2020-01-01","hueydog1",7247.78,2574.73,"Brazil","cash"
"2019-10-01","UDLA",8606.48,1435.58,"Brazil","cash"
"2019-10-01","jatalijatali",12886.86,1671.76,"United States","fiverr"
"2020-04-01","laurenrodriguez654",5010.99,3899.55,"United States","cash"
"2019-09-01","williamnguyen123",12523.7,3284.21,"United States","cash"
"2019-11-01","ashleytaylor321",6435.34,2281.1,"Brazil","cash"
"2020-03-01","UDLA",9427.4,972.04,"Brazil","paypal"
"2020-05-01","laurasmith456",9733.4,1913.13,"United States","cash"
"2019-07-01","thomasdavis234",12998.75,3462.26,"Brazil","cash"
"2020-01-01","UDLA",8585.3,1671.5,"Brazil","paypal"
"2020-09-01","advantagehayoor",8774.8,3660.13,"Brazil","paypal"
"2019-04-01","rebeccakelly",7042.85,1686.59,"Germany","fiverr"
"2020-02-01","ryanmiller654",6234.57,3259.67,"Brazil","cash"
"2020-02-01","danielrivera321",11297.6,2581.45,"Brazil","cash"
"2020-04-01","josephrivera789",6845.09,2036.21,"Germany","fiverr"
"2019-06-01","UDLA",7992.54,3020.55,"Brazil","fiverr"
"2019-04-01","samanthawilliams234",8824.92,3768.2,"Spain","fiverr"
"2020-11-01","UBO",7942.92,3079.56,"Germany","cash"
"2019-02-01","ashleytaylor321",3448.18,4152.15,"Brazil","fiverr"
"2019-08-01","UDLA",6150.72,3011.03,"Brazil","cash"
"2019-04-01","tt_gta",10658.22,2269.66,"United States","fiverr"
"2019-06-01","danielrivera321",12480.42,2839.72,"Brazil","fiverr"
"2020-07-01","lifeaj130",10135.77,3039.22,"United States","cash"
"2020-04-01","victoriajones321",4977.46,2254.49,"Germany","cash"
"2020-06-01","lifeaj130",5797.77,3126.18,"Brazil","fiverr"
"2019-08-01","thomasdavis234",10285.41,2181.18,"United States","cash"
"2020-12-01","ryanmiller654",6961.75,1124.56,"Brazil","cash"
"2019-10-01","victoriajones321",9641.71,2926.17,"Chile","cash"
"2020-09-01","robertmartin567",4807.22,1799.68,"Brazil","cash"
"2020-03-01","UDLA",7530.13,1814.71,"Brazil","cash"
"2019-05-01","thomasdavis234",10188.81,2692.22,"Brazil","cash"
"2019-11-01","rebeccakelly",5111.46,1995.83,"Brazil","fiverr"
"2020-06-01","brianjohnson654",5271.54,1679.45,"Brazil","fiverr"
"2020-07-01","UDLA",9666.05,2567.7,"Brazil","paypal"
"2019-09-01","UBO",8801.69,3335.97,"United States","cash"
"2020-06-01","samanthawilliams234",10467.61,2888.12,"Brazil","paypal"
"2020-02-01","UBO",12197.23,2084.13,"Chile","fiverr"
"2020-08-01","madisonjackson123",11287.89,2783.81,"Germany","fiverr"
"2020-09-01","elizabethkim456",8860.82,2173.62,"United States","cash"
"2019-05-01","andrewgarcia456",6560.79,2371.87,"Spain","fiverr"
"2019-08-01","UBO",5951.03,2293.13,"Brazil","cash"
"2020-03-01","jessicawong987",5052.75,2790.46,"Spain","cash"
"2020-11-01","josephrivera789",9199.72,1587.5,"United States","cash"
"2020-06-01","meganjackson789",9957.03,2073.66,"Brazil","paypal"
"2020-06-01","lifeaj130",7089.5,1808.37,"Australia","cash"
"2019-12-01","UBO",7294.99,1063.42,"United States","cash"
"2020-09-01","rebeccakelly",8327.14,2729.46,"Brazil","cash"
"2019-07-01","advantagehayoor",9697.82,2717.07,"Brazil","cash"
"2020-01-01","jatalijatali",9220.47,3662.2,"United States","fiverr"
"2020-11-01","jenniferbrown890",11933.15,1820.6,"United States","fiverr"
"2020-06-01","UBO",10781.44,1643.03,"Spain","cash"
"2019-12-01","UDLA",7560.43,3673.98,"United States","cash"
"2019-10-01","lifeaj130",5960.65,3246.29,"Brazil","cash"
"2019-12-01","danielrivera321",6354.91,2587.21,"Brazil","cash"
"2019-12-01","robertmartin567",9387.59,2948.12,"Brazil","cash"
"2020-08-01","olivialopez567",7260.76,3738.92,"United States","cash"
"2019-12-01","laurasmith456",6314.49,1963.12,"Brazil","fiverr"
"2020-07-01","advantagehayoor",5930.7,1797.07,"Brazil","cash"
"2019-01-01","meganjackson789",9785.81,1957.02,"Chile","fiverr"
"2020-02-01","UBO",10252.38,2861.99,"Brazil","fiverr"
"2019-08-01","madisonjackson123",6473.32,3494.17,"United States","fiverr"
"2019-04-01","victoriajones321",8955.76,2367.34,"Brazil","cash"
"2020-01-01","chrisdavis890",10853.93,2296.12,"Brazil","cash"
"2020-04-01","madisonjackson123",4551.37,2002.15,"United States","fiverr"
"2019-12-01","Larry SDF",8499.14,4197.14,"United States","cash"
"2020-11-01","kaylamartinez987",7802.74,1280.05,"United States","cash"
"2019-05-01","brandicasey39",7583.14,1554.15,"United States","cash"
"2020-06-01","brianjohnson654",4447.5,2106.87,"United States","cash"
"2019-03-01","ericgarcia890",9102.91,2341.29,"Brazil","cash"
"2020-10-01","nataliechen567",7365.47,1917.96,"Spain","cash"
"2020-02-01","ryanmiller654",5938.17,1688.42,"Brazil","cash"
"2020-05-01","elizabethkim456",6642.61,3973.09,"Brazil","fiverr"
"2019-09-01","kaylamartinez987",6604.38,1838.81,"Brazil","cash"
"2019-04-01","peterpark789",5705.05,3753.91,"Brazil","cash"
"2019-11-01","UDLA",6251.18,1702.01,"Brazil","paypal"
"2020-04-01","brianjohnson654",5344.72,1771.4,"United States","cash"
"2019-10-01","chrisdavis890",6725.12,1656.19,"Spain","cash"
"2020-07-01","williamnguyen123",7533.65,1513.19,"Brazil","paypal"
"2020-11-01","ashleytaylor321",11029.45,3637.15,"United States","cash"
"2019-11-01","jenniferbrown890",10457.21,1923.5,"Brazil","cash"
"2019-03-01","laurasmith456",6770.79,3180.02,"United States","cash"
"2020-04-01","lifeaj130",9226.7,1423.98,"Chile","cash"
"2019-06-01","andrewgarcia456",4736.82,2359.27,"Brazil","cash"
"2020-09-01","laurasmith456",7186.11,2159.93,"United States","cash"
"2020-10-01","ashleytaylor321",2035.52,3108.45,"Burkina Faso","fiverr"
"2020-11-01","olivialopez567",9155.47,3768.48,"Burkina Faso","cash"
"2019-02-01","UDLA",7786.4,1817.74,"United States","fiverr"
"2019-02-01","jatalijatali",12003.51,2847.73,"Brazil","cash"
"2020-04-01","Larry SDF",10076.52,3091.47,"United States","paypal"
"2019-08-01","jenniferbrown890",9283.72,3921.09,"Brazil","cash"
"2019-11-01","olivialopez567",9737.05,1494.34,"Brazil","cash"
"2020-08-01","UDLA",9071.08,2944.28,"Brazil","paypal"
"2020-03-01","lifeaj130",7881.06,4260.8,"Brazil","cash"
"2020-04-01","jatalijatali",7310.37,2737.6,"Brazil","cash"
"2019-12-01","danielrivera321",6313.88,2147.86,"United States","cash"
"2020-05-01","UBO",5060.07,3778.35,"Brazil","paypal"
"2019-08-01","ericgarcia890",6031.63,3228.89,"Brazil","cash"
"2020-10-01","hueydog1",5948.58,2461.98,"United States","cash"
"2019-05-01","jameslee987",8150,3077.46,"Brazil","cash"
"2019-05-01","ashleytaylor321",6633.57,2261.64,"Brazil","cash"
"2020-11-01","jameslee987",6629.64,3758.78,"Brazil","fiverr"
"2019-04-01","stephaniechen123",6098.05,2580.05,"Brazil","fiverr"
"2019-05-01","elizabethkim456",6495.07,3258.98,"United States","cash"
"2019-07-01","andrewgarcia456",11375.82,3733.23,"Brazil","paypal"
"2020-06-01","UDLA",8044.72,2107.06,"Germany","cash"
"2020-02-01","laurasmith456",6790.94,2330.76,"Brazil","cash"
"2019-02-01","advantagehayoor",7813.95,1450.59,"Brazil","fiverr"
"2020-03-01","UDLA",7806.5,2851.51,"Brazil","cash"
"2019-03-01","andrewgarcia456",10289.4,2319.14,"Brazil","fiverr"
"2019-02-01","madisonjackson123",11151.31,2810.28,"Brazil","cash"
"2020-12-01","UDLA",8897.62,2639.16,"Brazil","paypal"
"2019-07-01","tt_gta",11205.18,1502.47,"Brazil","fiverr"
"2019-11-01","brianjohnson654",5967.44,2173.68,"Australia","cash"
"2020-07-01","josephrivera789",7448.83,3591.27,"Brazil","paypal"
"2019-03-01","thomasdavis234",7314.45,2788.43,"United States","paypal"
"2020-05-01","UDLA",11549.01,3148.51,"Chile","fiverr"
"2020-01-01","madisonjackson123",5294.84,2412.4,"Spain","cash"
"2019-04-01","lifeaj130",10042.64,1979.82,"Burkina Faso","fiverr"
"2020-10-01","ryanmiller654",6163.33,3209.97,"United States","cash"
"2020-01-01","ashleytaylor321",8050.41,3270.05,"Germany","cash"
"2019-04-01","UDLA",8620.99,2243.82,"Brazil","cash"
"2020-04-01","tt_gta",7985.94,2933.24,"Brazil","fiverr"
"2019-10-01","UDLA",12742.66,2873.17,"United States","cash"
"2019-11-01","advantagehayoor",5964.85,3569.93,"Brazil","cash"
"2019-12-01","stephaniechen123",10283.53,2373.72,"Brazil","fiverr"
"2019-04-01","Larry SDF",9705.03,1568.29,"United States","fiverr"
"2020-07-01","stephaniechen123",6322.75,2437.45,"United States","cash"
"2019-07-01","UDLA",3216.68,1967.42,"Brazil","cash"
"2020-10-01","jatalijatali",8982.53,3090.3,"Brazil","cash"
"2019-04-01","lifeaj130",7040.72,4344.35,"Brazil","cash"
"2019-11-01","lifeaj130",8276.94,2054.8,"Brazil","cash"
"2019-04-01","hueydog1",6518.93,1271.98,"Brazil","fiverr"
"2019-05-01","robertmartin567",6220.38,2163.21,"United States","cash"
"2019-10-01","jatalijatali",9700.34,2749.66,"Brazil","fiverr"
"2020-07-01","jenniferbrown890",8567.7,1448.5,"Brazil","fiverr"
"2019-04-01","jatalijatali",6902.01,3401.51,"Australia","fiverr"
"2020-08-01","johndoe123",12650.53,2258.68,"Brazil","fiverr"
"2020-07-01","UBO",6761.36,1967.15,"Germany","fiverr"
"2019-07-01","UBO",4523.58,1988.77,"Brazil","paypal"
"2020-12-01","UDLA",9622.37,1172.39,"Spain","cash"
"2020-08-01","olivialopez567",10000.38,2965.26,"Chile","cash"
"2020-11-01","mattmiller234",7314.97,1849.27,"United States","cash"
"2019-11-01","jatalijatali",4693.54,2391.97,"United States","fiverr"
"2019-06-01","victoriajones321",8159.13,2768.01,"Brazil","cash"
"2019-08-01","meganjackson789",8124.79,893.22,"Brazil","cash"
"2019-06-01","victoriajones321",8224.34,929.44,"United States","cash"
"2020-02-01","rebeccakelly",10523.34,2488.06,"United States","paypal"
"2019-04-01","danielrivera321",5983.74,3604.3,"United States","fiverr"
"2019-07-01","ashleytaylor321",5595.39,2802.74,"Brazil","cash"
"2019-03-01","samanthawilliams234",6390.77,798.84625,"Brazil","cash"
"2020-11-01","jatalijatali",9896.23,3884.28,"Brazil","cash"
"2020-04-01","UBO",8255.91,2209.41,"Brazil","paypal"
"2020-02-01","UBO",6994.37,1331.77,"Brazil","paypal"
"2020-09-01","danielrivera321",5470.93,1863.22,"Brazil","cash"
"2020-12-01","nataliechen567",13283.73,4720.43,"United States","cash"
"2019-03-01","samanthawilliams234",5808,2476.67,"United States","fiverr"
"2019-06-01","UDLA",4956.26,4231.52,"United States","cash"
"2020-09-01","williamnguyen123",7420.03,546.67,"United States","fiverr"
"2020-02-01","rebeccakelly",4963.92,1938.44,"United States","cash"
"2019-12-01","lifeaj130",7569.44,2075.21,"United States","fiverr"
"2019-05-01","rebeccakelly",6168.59,3351.99,"United States","cash"
"2019-11-01","josephrivera789",9167.06,2292.54,"Brazil","cash"
"2020-01-01","ryanmiller654",7801.99,2057.58,"Brazil","cash"
"2019-04-01","jatalijatali",10505.25,2875.66,"Australia","cash"
"2019-09-01","jatalijatali",7371.67,3141.05,"Brazil","cash"
"2020-02-01","Larry SDF",10574.38,1675.66,"Brazil","fiverr"
"2020-06-01","ericgarcia890",6065.84,3270.95,"Brazil","fiverr"
"2020-11-01","josephrivera789",8517.32,2054.5,"Brazil","cash"
"2019-06-01","jatalijatali",8768.63,1676.44,"United States","fiverr"
"2019-07-01","UBO",7259.38,2746.76,"Chile","cash"
"2020-10-01","johndoe123",9715.1,1820.95,"Brazil","paypal"
"2020-12-01","stephaniechen123",10406.05,3247.18,"Brazil","paypal"
"2020-04-01","kaylamartinez987",7403.86,2324.77,"Brazil","fiverr"
"2020-03-01","lifeaj130",9764.35,2113.09,"Brazil","fiverr"
"2020-01-01","lifeaj130",8362.5,1567.18,"United States","fiverr"
"2020-06-01","rebeccakelly",6500.03,1397.04,"Brazil","fiverr"
"2020-06-01","jenniferbrown890",9350.96,2616.18,"United States","fiverr"
"2020-12-01","UDLA",8836.3,1938.88,"United States","cash"
"2020-11-01","laurenrodriguez654",8749.52,1825.01,"United States","paypal"
"2019-01-01","tt_gta",5115.95,2167.51,"Chile","fiverr"
"2019-03-01","UBO",5809.95,737.14,"United States","cash"
"2020-09-01","kaylamartinez987",6391.69,1669.94,"Burkina Faso","cash"
"2019-04-01","samanthawilliams234",9189.8,1798.07,"Brazil","cash"
"2020-05-01","UBO",6744.21,3587.81,"Brazil","cash"
"2019-07-01","UDLA",10503.12,3439.81,"Brazil","fiverr"
"2020-06-01","Larry SDF",5515.57,3696.37,"Brazil","fiverr"
"2019-07-01","josephrivera789",7826.62,3552.47,"Chile","paypal"
"2020-07-01","UBO",9194.21,2949.22,"Brazil","cash"
"2019-02-01","advantagehayoor",8874.79,2829.79,"United States","cash"
"2019-06-01","jatalijatali",7483.56,2649.92,"Brazil","cash"
"2020-01-01","madisonjackson123",9313.06,2980.29,"Brazil","cash"
"2019-07-01","lifeaj130",5879.5,1736.74,"Brazil","cash"
"2019-02-01","nataliechen567",7578.96,2585.05,"United States","cash"
"2019-04-01","chrisdavis890",8218.37,1436.5,"Brazil","paypal"
"2019-01-01","UBO",4976.43,1965.45,"United States","cash"
"2020-03-01","brianjohnson654",7710.03,2941.35,"Brazil","cash"
"2019-01-01","UBO",8279.82,1114.24,"Brazil","cash"
"2020-05-01","meganjackson789",10370.77,2450.22,"United States","paypal"
"2019-04-01","robertmartin567",6750.69,1740.58,"Brazil","cash"
"2019-06-01","samanthawilliams234",6914.54,1340.14,"Chile","cash"
"2019-06-01","laurasmith456",9857.58,3041.15,"United States","fiverr"
"2019-04-01","andrewgarcia456",8431.92,3510.63,"United States","cash"
"2020-03-01","UBO",3818.07,2863.1,"Brazil","cash"
"2020-12-01","meganjackson789",9865.91,1920.99,"Brazil","cash"
"2020-09-01","ashleytaylor321",5876.22,2367.04,"United States","fiverr"
"2020-12-01","williamnguyen123",8502.09,1664.55,"Brazil","cash"
"2020-08-01","johndoe123",7742.44,1725.76,"United States","cash"
"2019-09-01","laurasmith456",10741.82,3796.27,"Brazil","cash"
"2019-09-01","mattmiller234",6239.84,2587.88,"United States","cash"
"2019-03-01","nataliechen567",9051.83,464.65,"Brazil","fiverr"
"2019-04-01","UDLA",10683.93,2038.86,"Brazil","cash"
"2019-05-01","madisonjackson123",8410.55,1671.61,"Brazil","cash"
"2019-12-01","danielrivera321",9482.91,856.45,"United States","cash"
"2019-11-01","danielrivera321",2621.49,2349.81,"United States","cash"
"2020-10-01","UDLA",9467.92,2783.38,"Brazil","cash"
"2019-01-01","UDLA",6797.5,4395.23,"United States","cash"
"2019-10-01","jatalijatali",5168.11,2311.26,"Brazil","paypal"
"2020-08-01","UDLA",9076.04,2664.49,"Brazil","cash"
"2019-01-01","Larry SDF",10653.87,960.22,"United States","cash"
"2019-06-01","victoriajones321",5043.63,4220.5,"United States","cash"
"2020-09-01","josephrivera789",6304.89,2774.02,"United States","cash"
"2019-02-01","peterpark789",10715.35,3493.83,"Brazil","fiverr"
"2020-12-01","johndoe123",5068.72,2707.53,"Brazil","fiverr"
"2020-10-01","samanthawilliams234",6506.39,1187.09,"Brazil","fiverr"
"2019-08-01","peterpark789",8296.37,1830.37,"United States","cash"
"2019-05-01","hueydog1",5432.66,2911.35,"Brazil","cash"
"2019-12-01","lifeaj130",9047.3,2566.6,"Brazil","cash"
"2020-04-01","lifeaj130",8795.34,2015.64,"United States","fiverr"
"2019-12-01","UBO",9626.85,1401.49,"United States","cash"
"2019-04-01","hueydog1",5534.7,3282.74,"United States","paypal"
"2019-09-01","kaylamartinez987",7140.79,4313.87,"Brazil","cash"
"2020-06-01","nataliechen567",9417.65,3390.8,"United States","paypal"
"2020-06-01","jatalijatali",9555.43,1726.22,"Brazil","paypal"
"2020-10-01","ashleytaylor321",11484.15,1183.57,"Brazil","fiverr"
"2020-11-01","lifeaj130",5919.31,2634.46,"Brazil","paypal"
"2019-05-01","peterpark789",8031.98,2522.5,"Brazil","cash"
"2019-05-01","tt_gta",7365.62,4506.44,"Spain","cash"
"2019-05-01","UDLA",11451.07,3041.87,"United States","cash"
"2020-12-01","johndoe123",7536.99,4071.92,"Brazil","fiverr"
"2020-12-01","jessicawong987",12540.4,2942.48,"Brazil","cash"
"2020-07-01","UBO",4773.64,2280.81,"Brazil","fiverr"
"2020-11-01","lifeaj130",5274.44,2751.7,"Brazil","cash"
"2020-08-01","kaylamartinez987",8199.18,856.38,"Brazil","cash"
"2020-07-01","rebeccakelly",6803.25,2533.49,"Brazil","cash"
"2020-09-01","brianjohnson654",5705.26,1983.83,"United States","fiverr"
"2020-08-01","jessicawong987",7861.44,1148.39,"United States","cash"
"2020-02-01","UDLA",4872.99,3383.56,"United States","fiverr"
"2019-01-01","jatalijatali",10099.23,2163.44,"United States","cash"
"2019-12-01","UDLA",8872.75,3000.73,"Brazil","cash"
"2019-06-01","rebeccakelly",11906.9,3765.66,"Brazil","cash"
"2019-03-01","UDLA",8190.93,1209.98,"United States","paypal"
"2019-07-01","advantagehayoor",8721.68,998.95,"United States","cash"
"2020-10-01","meganjackson789",6720.83,1036.37,"Brazil","cash"
"2020-11-01","josephrivera789",7820.58,1692.76,"Brazil","paypal"
"2020-09-01","ryanmiller654",9862.81,1848.36,"United States","cash"
"2020-09-01","kaylamartinez987",11725.88,3018.54,"Brazil","fiverr"
"2019-03-01","UBO",12595.87,1617.52,"United States","fiverr"
"2019-07-01","UBO",6464.08,2404.75,"United States","fiverr"
"2020-05-01","rebeccakelly",7951.11,2779.94,"Brazil","paypal"
"2019-05-01","UDLA",5803.56,2218.8,"Brazil","fiverr"
"2020-08-01","brandicasey39",10740.32,873.87,"Brazil","paypal"
"2019-02-01","brianjohnson654",7106.95,1690.14,"Brazil","cash"
"2020-01-01","johndoe123",6405.81,2573.33,"Brazil","cash"
"2019-12-01","UDLA",6021.83,2937.27,"Germany","cash"
"2020-05-01","UBO",8949.99,2986.79,"Brazil","cash"
"2020-12-01","thomasdavis234",7685.79,1926.77,"United States","cash"
"2019-01-01","UBO",8391.72,3112.22,"Brazil","paypal"
"2019-02-01","UDLA",6216.33,1892.75,"Chile","cash"
"2020-09-01","laurasmith456",6082.66,3232.85,"Brazil","cash"
"2019-06-01","brandicasey39",8733.41,3576.15,"Brazil","cash"
"2020-05-01","UDLA",6564.08,2878.69,"Brazil","fiverr"
"2019-11-01","UBO",8494.45,3007.52,"United States","cash"
"2019-02-01","lifeaj130",9111.99,3127.96,"Brazil","cash"
"2019-01-01","lifeaj130",7502.88,1900.02,"United States","paypal"
"2020-05-01","jenniferbrown890",10163.07,945.25,"Brazil","fiverr"
"2019-04-01","jatalijatali",7882.41,828.78,"United States","paypal"
"2020-01-01","UDLA",9722.84,2984.34,"United States","cash"
"2019-01-01","UDLA",6909.29,1537.81,"Spain","cash"
"2020-11-01","UDLA",9854.35,5267.44,"United States","paypal"
"2020-04-01","madisonjackson123",9002.88,1786.51,"Brazil","cash"
"2019-08-01","danielrivera321",7547.95,2044.13,"Brazil","cash"
"2019-12-01","victoriajones321",8007.02,2356.68,"Brazil","fiverr"
"2019-04-01","ericgarcia890",6791.06,804.58,"United States","cash"
"2020-03-01","josephrivera789",8685.59,1081.94,"Chile","cash"
"2019-03-01","olivialopez567",7398.3,2237.66,"Brazil","cash"
"2019-04-01","UDLA",9698.4,3539.14,"United States","fiverr"
"2020-03-01","madisonjackson123",6912.56,1243.22,"Brazil","paypal"
"2019-03-01","jatalijatali",5919.71,1698.16,"United States","cash"
"2020-04-01","lifeaj130",8356.75,1973.09,"Spain","cash"
"2020-04-01","UBO",8182.56,3301.34,"Burkina Faso","fiverr"
"2019-01-01","lifeaj130",8643.39,2239.84,"Brazil","cash"
"2019-03-01","UDLA",10144.5,2975.56,"Spain","fiverr"
"2019-12-01","UDLA",7323.42,2253.88,"United States","cash"
"2019-10-01","lifeaj130",7945.11,3321.35,"Burkina Faso","fiverr"
"2019-02-01","ashleytaylor321",10842.58,4631.53,"Brazil","paypal"
"2019-10-01","UBO",9513.07,3277.21,"Brazil","cash"
"2019-08-01","UBO",6286.16,3947.47,"Brazil","cash"
"2019-02-01","lifeaj130",811.79,1496.41,"Brazil","cash"
"2019-11-01","brianjohnson654",8211.33,2489.15,"Germany","cash"
"2020-09-01","ericgarcia890",5367.2,720.73,"Brazil","paypal"
"2019-04-01","UDLA",7920.79,2576.61,"United States","fiverr"
"2019-12-01","danielrivera321",4879.21,3496.95,"United States","cash"
"2019-01-01","UBO",8245.93,2254.7,"Brazil","cash"
"2019-04-01","nataliechen567",8226.62,2347.37,"United States","cash"
"2019-08-01","nataliechen567",10335.76,4118.62,"Brazil","cash"
"2020-12-01","nataliechen567",8800.26,930.05,"Brazil","paypal"
"2019-08-01","advantagehayoor",7297.54,2054.91,"Spain","paypal"
"2020-12-01","laurasmith456",3345.66,2902.71,"Chile","fiverr"
"2020-07-01","lifeaj130",5179.46,1401.57,"Spain","fiverr"
"2020-09-01","jatalijatali",8339.33,1511.74,"Brazil","fiverr"
"2020-04-01","meganjackson789",7555.62,944.4525,"United States","fiverr"
"2020-06-01","UDLA",9308.2,2235.94,"United States","cash"
"2019-02-01","josephrivera789",5444.92,2365.98,"United States","cash"
"2019-01-01","rebeccakelly",10581.44,1596.66,"Brazil","cash"
"2020-03-01","brianjohnson654",7775.27,2162.85,"Brazil","cash"
"2020-01-01","kaylamartinez987",6653.6,1913.98,"Brazil","fiverr"
"2019-06-01","olivialopez567",8626.03,2896.93,"Brazil","cash"
"2020-09-01","olivialopez567",4035.82,2148.76,"Brazil","fiverr"
"2019-07-01","UDLA",10398.26,3115.92,"Brazil","cash"
"2019-07-01","UBO",5158.19,2569.71,"Brazil","cash"
"2020-07-01","robertmartin567",8484.17,2188.51,"United States","cash"
"2019-03-01","rebeccakelly",11859.55,1985.32,"Germany","cash"
"2019-09-01","elizabethkim456",12670.77,2856.21,"Brazil","fiverr"
"2019-10-01","jatalijatali",8608.21,3576.72,"United States","cash"
"2020-05-01","tt_gta",6168.77,3332.64,"Brazil","cash"
"2019-10-01","ryanmiller654",8521.2,2100.37,"Brazil","paypal"
"2020-11-01","advantagehayoor",7898.64,2960.63,"Brazil","fiverr"
"2020-03-01","hueydog1",11557.76,1374.43,"Brazil","fiverr"
"2020-04-01","brianjohnson654",10518.72,2170.61,"Brazil","cash"
"2020-06-01","meganjackson789",9593.02,1089.66,"United States","cash"
"2020-05-01","lifeaj130",9501.81,1998.01,"Brazil","fiverr"
"2019-01-01","ashleytaylor321",12016.02,2344.9,"Brazil","cash"
"2020-09-01","nataliechen567",7827.83,2626.81,"United States","cash"
"2019-11-01","jenniferbrown890",2456.86,2175.8,"United States","cash"
"2020-08-01","jameslee987",7968.6,3130.99,"Brazil","cash"
"2019-06-01","ashleytaylor321",10613.46,2449.53,"United States","cash"
"2019-07-01","mattmiller234",11273.19,3378.86,"Germany","cash"
"2020-06-01","laurenrodriguez654",9273.24,3258.12,"United States","fiverr"
"2019-08-01","peterpark789",7422.49,2097.63,"Chile","cash"
"2019-08-01","UBO",7386.05,3045.57,"Brazil","cash"
"2020-12-01","advantagehayoor",4418.21,2897.18,"Brazil","cash"
"2020-03-01","UDLA",9932.79,1168.28,"United States","cash"
"2020-05-01","lifeaj130",10807.52,3756.62,"United States","fiverr"
"2019-05-01","madisonjackson123",5679.61,1770.24,"Burkina Faso","fiverr"
"2019-05-01","brandicasey39",10049.34,2151.16,"Brazil","cash"
"2020-02-01","williamnguyen123",10301.02,2322.98,"Brazil","fiverr"
"2019-11-01","laurenrodriguez654",8062.43,2078.43,"Brazil","paypal"
"2019-11-01","UDLA",10747.27,1896.44,"Spain","paypal"
"2020-02-01","lifeaj130",7785.62,3007.49,"Brazil","cash"
"2020-04-01","chrisdavis890",9749.5,2555.86,"United States","cash"
"2020-12-01","jenniferbrown890",6455.29,3239.93,"Spain","fiverr"
"2019-04-01","ryanmiller654",8474.56,3426.88,"United States","cash"
"2019-11-01","mattmiller234",9971.67,2225.91,"Brazil","cash"
"2019-01-01","hueydog1",6795.96,2358.5,"Brazil","cash"
"2020-12-01","ryanmiller654",7592.75,3286.96,"Burkina Faso","cash"
"2019-03-01","UBO",9497.81,1521.42,"United States","cash"
"2020-06-01","williamnguyen123",6367.74,3527.64,"Chile","cash"
"2020-10-01","UBO",6951.35,3002.91,"United States","cash"
"2019-03-01","laurenrodriguez654",8793.36,2142.4,"Brazil","cash"
"2020-01-01","mattmiller234",7906.77,3968.19,"Burkina Faso","cash"
"2019-07-01","johndoe123",7183.66,3225.15,"Chile","cash"
"2020-06-01","elizabethkim456",11289.73,170.85,"Brazil","cash"
"2020-12-01","jatalijatali",8717.43,4604.32,"Brazil","cash"
"2019-09-01","mattmiller234",4739.04,3296.23,"Brazil","cash"
"2020-09-01","kaylamartinez987",7786.94,2258.02,"Brazil","cash"
"2020-09-01","UDLA",6355.54,2927.42,"Brazil","fiverr"
"2019-04-01","UDLA",5910.85,1995.06,"United States","cash"
"2019-08-01","ashleytaylor321",6304.27,2462.24,"United States","fiverr"
"2019-12-01","lifeaj130",8271.73,1155.68,"Brazil","cash"
"2020-01-01","brianjohnson654",6714.6,2413.58,"United States","paypal"
"2019-01-01","rebeccakelly",9322.07,2153.91,"Brazil","fiverr"
"2020-04-01","jatalijatali",8434.15,2622.21,"Brazil","cash"
"2019-03-01","williamnguyen123",10117.55,3863.66,"Brazil","cash"
"2020-03-01","elizabethkim456",9191.12,3701.15,"Brazil","paypal"
"2020-05-01","lifeaj130",10391.65,2364.98,"United States","cash"
"2020-06-01","rebeccakelly",11455.95,1164.02,"Brazil","fiverr"
"2019-06-01","nataliechen567",7874.85,3954.19,"Chile","cash"
"2019-04-01","lifeaj130",7932.56,2305.09,"United States","cash"
"2019-02-01","rebeccakelly",11270.18,1013.73,"United Arab Emirates","paypal"
"2019-07-01","laurenrodriguez654",9640.28,2127.63,"Germany","fiverr"
"2020-10-01","ericgarcia890",8936.97,3243.42,"Australia","cash"
"2019-05-01","UDLA",6216.88,750.12,"Brazil","cash"
"2020-11-01","chrisdavis890",4982.76,2580.18,"Brazil","fiverr"
"2019-08-01","advantagehayoor",7350.38,2890.54,"United States","fiverr"
